{"assets/images/.DS_Store":["assets/images/.DS_Store"],"assets/images/algebra_icon.png":["assets/images/algebra_icon.png"],"assets/images/bg_auth.png":["assets/images/bg_auth.png"],"assets/images/chapter_icon.png":["assets/images/chapter_icon.png"],"assets/images/checked.gif":["assets/images/checked.gif"],"assets/images/checked_icon.png":["assets/images/checked_icon.png"],"assets/images/choose_icon.png":["assets/images/choose_icon.png"],"assets/images/chplay_cover.png":["assets/images/chplay_cover.png"],"assets/images/chplay_cover.psd":["assets/images/chplay_cover.psd"],"assets/images/correct_answer.png":["assets/images/correct_answer.png"],"assets/images/general_icon.png":["assets/images/general_icon.png"],"assets/images/geometry_icon.png":["assets/images/geometry_icon.png"],"assets/images/google_logo.jpg":["assets/images/google_logo.jpg"],"assets/images/grade_icon.png":["assets/images/grade_icon.png"],"assets/images/gradient_time_icon.png":["assets/images/gradient_time_icon.png"],"assets/images/home_icon.png":["assets/images/home_icon.png"],"assets/images/level_icon.png":["assets/images/level_icon.png"],"assets/images/logo.png":["assets/images/logo.png"],"assets/images/marker_icon.png":["assets/images/marker_icon.png"],"assets/images/math_type_icon.png":["assets/images/math_type_icon.png"],"assets/images/mixtype_icon.png":["assets/images/mixtype_icon.png"],"assets/images/next_icon.png":["assets/images/next_icon.png"],"assets/images/num_of_client_icon.png":["assets/images/num_of_client_icon.png"],"assets/images/num_of_quiz_icon.png":["assets/images/num_of_quiz_icon.png"],"assets/images/people_icon.png":["assets/images/people_icon.png"],"assets/images/previous_icon.png":["assets/images/previous_icon.png"],"assets/images/time_icon.png":["assets/images/time_icon.png"],"assets/images/unchoose_icon.png":["assets/images/unchoose_icon.png"],"assets/images/unmarker_icon.png":["assets/images/unmarker_icon.png"],"assets/images/wrong_answer.png":["assets/images/wrong_answer.png"],"packages/cupertino_icons/assets/CupertinoIcons.ttf":["packages/cupertino_icons/assets/CupertinoIcons.ttf"],"packages/flutter_inappwebview/assets/t_rex_runner/t-rex.css":["packages/flutter_inappwebview/assets/t_rex_runner/t-rex.css"],"packages/flutter_inappwebview/assets/t_rex_runner/t-rex.html":["packages/flutter_inappwebview/assets/t_rex_runner/t-rex.html"],"packages/flutter_inappwebview_web/assets/web/web_support.js":["packages/flutter_inappwebview_web/assets/web/web_support.js"],"packages/flutter_math_fork/lib/katex_fonts/fonts/KaTeX_AMS-Regular.ttf":["packages/flutter_math_fork/lib/katex_fonts/fonts/KaTeX_AMS-Regular.ttf"],"packages/flutter_math_fork/lib/katex_fonts/fonts/KaTeX_Caligraphic-Bold.ttf":["packages/flutter_math_fork/lib/katex_fonts/fonts/KaTeX_Caligraphic-Bold.ttf"],"packages/flutter_math_fork/lib/katex_fonts/fonts/KaTeX_Caligraphic-Regular.ttf":["packages/flutter_math_fork/lib/katex_fonts/fonts/KaTeX_Caligraphic-Regular.ttf"],"packages/flutter_math_fork/lib/katex_fonts/fonts/KaTeX_Fraktur-Bold.ttf":["packages/flutter_math_fork/lib/katex_fonts/fonts/KaTeX_Fraktur-Bold.ttf"],"packages/flutter_math_fork/lib/katex_fonts/fonts/KaTeX_Fraktur-Regular.ttf":["packages/flutter_math_fork/lib/katex_fonts/fonts/KaTeX_Fraktur-Regular.ttf"],"packages/flutter_math_fork/lib/katex_fonts/fonts/KaTeX_Main-Bold.ttf":["packages/flutter_math_fork/lib/katex_fonts/fonts/KaTeX_Main-Bold.ttf"],"packages/flutter_math_fork/lib/katex_fonts/fonts/KaTeX_Main-BoldItalic.ttf":["packages/flutter_math_fork/lib/katex_fonts/fonts/KaTeX_Main-BoldItalic.ttf"],"packages/flutter_math_fork/lib/katex_fonts/fonts/KaTeX_Main-Italic.ttf":["packages/flutter_math_fork/lib/katex_fonts/fonts/KaTeX_Main-Italic.ttf"],"packages/flutter_math_fork/lib/katex_fonts/fonts/KaTeX_Main-Regular.ttf":["packages/flutter_math_fork/lib/katex_fonts/fonts/KaTeX_Main-Regular.ttf"],"packages/flutter_math_fork/lib/katex_fonts/fonts/KaTeX_Math-BoldItalic.ttf":["packages/flutter_math_fork/lib/katex_fonts/fonts/KaTeX_Math-BoldItalic.ttf"],"packages/flutter_math_fork/lib/katex_fonts/fonts/KaTeX_Math-Italic.ttf":["packages/flutter_math_fork/lib/katex_fonts/fonts/KaTeX_Math-Italic.ttf"],"packages/flutter_math_fork/lib/katex_fonts/fonts/KaTeX_SansSerif-Bold.ttf":["packages/flutter_math_fork/lib/katex_fonts/fonts/KaTeX_SansSerif-Bold.ttf"],"packages/flutter_math_fork/lib/katex_fonts/fonts/KaTeX_SansSerif-Italic.ttf":["packages/flutter_math_fork/lib/katex_fonts/fonts/KaTeX_SansSerif-Italic.ttf"],"packages/flutter_math_fork/lib/katex_fonts/fonts/KaTeX_SansSerif-Regular.ttf":["packages/flutter_math_fork/lib/katex_fonts/fonts/KaTeX_SansSerif-Regular.ttf"],"packages/flutter_math_fork/lib/katex_fonts/fonts/KaTeX_Script-Regular.ttf":["packages/flutter_math_fork/lib/katex_fonts/fonts/KaTeX_Script-Regular.ttf"],"packages/flutter_math_fork/lib/katex_fonts/fonts/KaTeX_Size1-Regular.ttf":["packages/flutter_math_fork/lib/katex_fonts/fonts/KaTeX_Size1-Regular.ttf"],"packages/flutter_math_fork/lib/katex_fonts/fonts/KaTeX_Size2-Regular.ttf":["packages/flutter_math_fork/lib/katex_fonts/fonts/KaTeX_Size2-Regular.ttf"],"packages/flutter_math_fork/lib/katex_fonts/fonts/KaTeX_Size3-Regular.ttf":["packages/flutter_math_fork/lib/katex_fonts/fonts/KaTeX_Size3-Regular.ttf"],"packages/flutter_math_fork/lib/katex_fonts/fonts/KaTeX_Size4-Regular.ttf":["packages/flutter_math_fork/lib/katex_fonts/fonts/KaTeX_Size4-Regular.ttf"],"packages/flutter_math_fork/lib/katex_fonts/fonts/KaTeX_Typewriter-Regular.ttf":["packages/flutter_math_fork/lib/katex_fonts/fonts/KaTeX_Typewriter-Regular.ttf"],"packages/flutter_tex/core/flutter_tex.css":["packages/flutter_tex/core/flutter_tex.css"],"packages/flutter_tex/core/flutter_tex.html":["packages/flutter_tex/core/flutter_tex.html"],"packages/flutter_tex/core/flutter_tex.js":["packages/flutter_tex/core/flutter_tex.js"],"packages/flutter_tex/core/mathjax.js":["packages/flutter_tex/core/mathjax.js"]}